Actual,Predicted,Error
178,198.52802580312465,-20.52802580312465
147,181.01193480091675,-34.01193480091675
179,188.84247473398113,-9.842474733981135
323,177.48849829667287,145.51150170332713
177,197.9017501594034,-20.901750159403406
359,193.7490326051202,165.2509673948798
176,181.69727422141463,-5.697274221414631
310,198.52802580312465,111.47197419687535
80,197.95404977372073,-117.95404977372073
310,197.9483852685311,112.0516147314689
178,194.63252643438628,-16.63252643438628
178,190.50381230326983,-12.503812303269825
323,176.2590155842197,146.7409844157803
206,195.58228851546588,10.417711484534124
218,199.74435678901568,18.255643210984317
279,197.9483852685311,81.0516147314689
237,172.24609717000314,64.75390282999686
206,181.94302224746423,24.056977752535772
279,197.91044348921713,81.08955651078287
268,195.20697541152362,72.79302458847638
268,194.30781172117767,73.69218827882233
177,198.29558029294435,-21.29558029294435
47,198.8984621851915,-151.8984621851915
296,183.96677661517606,112.03322338482394
176,205.6757610680889,-29.67576106808889
234,168.99298503833558,65.00701496166442
239,191.12385427470133,47.87614572529867
117,183.96677661517606,-66.96677661517606
180,195.87629488055126,-15.876294880551256
18,193.8945599412692,-175.8945599412692
45,183.65878722059477,-138.65878722059477
20,194.30781172117767,-174.30781172117767
178,193.7490326051202,-15.749032605120192
354,196.74662666645273,157.25337333354727
176,210.97699757863555,-34.97699757863555
18,207.79889851748797,-189.79889851748797
49,200.99257929868907,-151.99257929868907
57,174.7009148693728,-117.70091486937281
320,170.7111397983424,149.2888602016576
208,182.10977973869635,25.890220261303654
218,195.58228851546588,22.417711484534124
88,181.38684738687442,-93.38684738687442
176,182.0288336473385,-6.028833647338502
180,204.98718615028693,-24.98718615028693
268,197.91044348921713,70.08955651078287
179,204.28096733473393,-25.28096733473393
268,198.7759906459004,69.22400935409959
178,198.79543437446097,-20.795434374460967
176,190.3149779868929,-14.314977986892899
354,172.6612700782775,181.3387299217225
18,197.7590921887188,-179.7590921887188
181,202.51564960092176,-21.515649600921762
114,128.2646844881576,-14.264684488157599
179,198.71393723247638,-19.713937232476383
180,191.06916068456812,-11.069160684568118
178,195.20697541152362,-17.206975411523615
177,177.48849829667287,-0.4884982966728728
205,193.40874094464021,11.591259055359785
178,183.51825787425176,-5.518257874251759
178,204.98718615028693,-26.98718615028693
180,206.1543999107001,-26.154399910700107
295,188.54645267628345,106.45354732371655
178,202.09965054992725,-24.099650549927247
179,192.5305447001158,-13.530544700115797
178,209.0501020397166,-31.05010203971659
295,192.46505407550652,102.53494592449348
75,184.12887207636734,-109.12887207636734
157,184.12887207636734,-27.128872076367344
297,197.95404977372073,99.04595022627927
266,179.6896954225749,86.31030457742509
110,191.72009884347426,-81.72009884347426
239,189.8773411978031,49.122658802196895
206,202.51564960092176,3.484350399078238
178,212.81022632502192,-34.810226325021915
177,175.5775662031679,1.4224337968321095
310,191.63059821820534,118.36940178179466
177,199.4170372150212,-22.417037215021196
267,200.72260961476357,66.27739038523643
119,191.5158951621125,-72.51589516211251
206,192.53221756602653,13.467782433973468
178,197.23954824289603,-19.239548242896035
87,160.12594615833694,-73.12594615833694
207,180.89498850602465,26.105011493975354
18,187.23653691688122,-169.23653691688122
89,198.45127285697552,-109.45127285697552
323,200.59484936297136,122.40515063702864
177,180.16170495356187,-3.161704953561866
178,191.25507211391985,-13.255072113919852
177,199.4170372150212,-22.417037215021196
179,208.25766499416702,-29.257664994167015
325,196.74662666645273,128.25337333354727
265,180.86876306272896,84.13123693727104
176,183.13779946891486,-7.137799468914864
263,197.9017501594034,65.0982498405966
180,202.51564960092176,-22.515649600921762
236,193.7490326051202,42.25096739487981
264,175.73754621463243,88.26245378536757
178,180.39857462439764,-2.3985746243976394
19,202.51564960092176,-183.51564960092176
267,201.1654759562502,65.83452404374981
295,192.65238268237442,102.34761731762558
176,175.88862577086928,0.1113742291307176
328,198.71393723247638,129.28606276752362
179,198.29558029294435,-19.29558029294435
77,197.9017501594034,-120.9017501594034
181,198.2653614276238,-17.265361427623787
267,199.4170372150212,67.5829627849788
207,181.5493145644976,25.450685435502407
178,198.7759906459004,-20.775990645900407
176,190.50381230326983,-14.503812303269825
76,194.66952595846843,-118.66952595846843
323,182.4143513653054,140.5856486346946
179,200.32979977201865,-21.329799772018646
269,200.56295745035854,68.43704254964146
206,190.83430842681688,15.165691573183125
74,176.12962126693324,-102.12962126693324
178,184.00278163713102,-6.002781637131022
206,183.39698451742032,22.60301548257968
179,196.3623678879522,-17.36236788795219
220,198.71393723247638,21.286062767523617
179,167.76251205015504,11.237487949844962
207,187.56896996159216,19.43103003840784
355,198.7759906459004,156.2240093540996
179,186.53627643113478,-7.53627643113478
237,197.51289935383824,39.487100646161764
176,179.25919783067474,-3.2591978306747365
49,204.28096733473393,-155.28096733473393
85,178.60853256681605,-93.60853256681605
117,193.19873725407697,-76.19873725407697
177,170.97119123189282,6.028808768107183
179,187.11863554050703,-8.118635540507029
248,193.50570913570402,54.49429086429598
176,181.64951176237528,-5.649511762375283
147,176.00961435284395,-29.009614352843954
179,185.35523586849254,-6.355235868492542
179,194.66952595846843,-15.669525958468427
179,196.17645645860046,-17.176456458600455
180,195.4094801164737,-15.409480116473702
249,184.12887207636734,64.87112792363266
178,191.72009884347426,-13.720098843474261
267,191.29610740470977,75.70389259529023
179,191.53418741412253,-12.534187414122528
180,195.7681999448176,-15.76819994481761
249,197.95770134718146,51.042298652818545
234,177.15620062857116,56.843799371428844
204,176.2590155842197,27.740984415780304
147,198.2653614276238,-51.26536142762379
149,201.3638801301404,-52.36388013014039
179,201.1784907280408,-22.1784907280408
267,181.32546894041386,85.67453105958614
237,195.58228851546588,41.417711484534124
178,192.65238268237442,-14.652382682374423
149,176.30724330104448,-27.30724330104448
234,162.6087123941471,71.39128760585291
178,191.19725349246224,-13.197253492462238
173,184.1870371251861,-11.187037125186094
174,175.36578041985726,-1.3657804198572592
178,191.72009884347426,-13.720098843474261
178,200.59484936297136,-22.59484936297136
180,192.0257364789454,-12.02573647894539
354,205.26519770221387,148.73480229778613
180,191.53418741412253,-11.534187414122528
177,185.35523586849254,-8.355235868492542
249,191.0948719102887,57.9051280897113
119,207.51469097622862,-88.51469097622862
106,194.30781172117767,-88.30781172117767
251,178.51568225956953,72.48431774043047
175,198.45127285697552,-23.45127285697552
16,181.53792694311127,-165.53792694311127
25,187.473783996445,-162.473783996445
177,195.58228851546588,-18.582288515465876
106,181.44418964812002,-75.44418964812002
138,197.51289935383824,-59.512899353838236
175,191.29610740470977,-16.296107404709772
115,162.32095449736113,-47.32095449736113
17,195.7681999448176,-178.7681999448176
176,181.69727422141463,-5.697274221414631
178,200.99257929868907,-22.992579298689066
326,202.51564960092176,123.48435039907824
15,198.06484722247185,-183.06484722247185
178,199.41737398934916,-21.41737398934916
180,199.41737398934916,-19.41737398934916
181,196.3623678879522,-15.362367887952189
179,193.56312117576846,-14.563121175768458
206,176.04797304917264,29.95202695082736
234,186.43358706286287,47.56641293713713
298,199.4170372150212,98.5829627849788
263,194.66952595846843,68.33047404153157
177,179.12366868628732,-2.123668686287317
206,188.47789622253785,17.52210377746215
221,193.56312117576846,27.436878824231542
267,194.63252643438628,72.36747356561372
177,178.47957090412535,-1.479570904125353
298,192.21089731631633,105.78910268368367
233,176.29372107522224,56.70627892477776
178,187.23653691688122,-9.23653691688122
265,178.08363410989347,86.91636589010653
178,191.72009884347426,-13.720098843474261
178,197.3176068226607,-19.317606822660707
173,212.45774243969305,-39.45774243969305
179,204.98718615028693,-25.98718615028693
206,196.74662666645273,9.253373333547273
331,201.83698617442639,129.16301382557361
180,200.56295745035854,-20.56295745035854
174,165.2022485293382,8.797751470661808
147,200.08854772784127,-53.088547727841274
179,196.17645645860046,-17.176456458600455
176,183.96677661517606,-7.966776615176059
180,197.91044348921713,-17.91044348921713
58,174.26675853152506,-116.26675853152506
178,191.92130471881714,-13.92130471881714
188,191.92130471881714,-3.92130471881714
176,178.29365947477362,-2.2936594747736194
145,197.71443371917226,-52.71443371917226
175,205.6757610680889,-30.67576106808889
281,181.64951176237528,99.35048823762472
178,202.2345663792872,-24.2345663792872
28,174.51240378131988,-146.51240378131988
279,197.68753253578325,81.31246746421675
179,194.08047137062093,-15.080471370620927
328,202.09965054992725,125.90034945007275
174,162.6087123941471,11.39128760585291
178,197.768138344369,-19.768138344368992
291,118.2521301980826,172.7478698019174
269,197.768138344369,71.23186165563101
177,186.9837105665308,-9.983710566530789
176,175.88862577086928,0.1113742291307176
295,191.58940770806862,103.41059229193138
175,182.65899706286146,-7.658997062861459
178,194.67722333910052,-16.67722333910052
218,201.1784907280408,16.8215092719592
177,202.2345663792872,-25.2345663792872
108,200.72260961476357,-92.72260961476357
178,188.75485183029502,-10.754851830295024
341,198.4222621502748,142.5777378497252
179,195.32965067931562,-16.32965067931562
149,181.227491322267,-32.227491322267014
176,170.01421691685331,5.985783083146686
179,199.4170372150212,-20.417037215021196
28,174.51240378131988,-146.51240378131988
292,169.96485533073377,122.03514466926623
267,197.768138344369,69.23186165563101
298,198.52802580312465,99.47197419687535
207,193.8945599412692,13.105440058730807
179,196.3623678879522,-17.36236788795219
179,200.72260961476357,-21.72260961476357
174,164.96125303327423,9.038746966725768
203,164.2789301779333,38.72106982206671
178,191.38316492181397,-13.383164921813972
179,184.90694844514084,-5.906948445140841
179,193.0812139016877,-14.081213901687704
268,198.71393723247638,69.28606276752362
179,191.72009884347426,-12.720098843474261
177,202.51564960092176,-25.515649600921762
178,217.06876247758055,-39.06876247758055
77,197.7590921887188,-120.7590921887188
177,174.51240378131988,2.4875962186801246
45,158.1012414052135,-113.1012414052135
176,184.12887207636734,-8.128872076367344
176,173.56012814940883,2.4398718505911745
19,184.096187291976,-165.096187291976
180,186.42491306317692,-6.424913063176916
179,193.97087779951738,-14.970877799517382
181,187.46405131111507,-6.464051311115071
176,188.75485183029502,-12.754851830295024
98,164.2586987210488,-66.2586987210488
268,199.8568619084125,68.1431380915875
107,185.1693244391408,-78.16932443914081
357,191.72009884347426,165.27990115652574
175,181.77892243917523,-6.778922439175233
173,157.60439512236402,15.395604877635975
179,184.27134824178512,-5.27134824178512
119,185.1693244391408,-66.16932443914081
267,191.72009884347426,75.27990115652574
178,211.5837079249818,-33.58370792498181
159,177.48849829667287,-18.488498296672873
206,201.1784907280408,4.821509271959201
177,196.1852862493682,-19.185286249368204
176,181.48498389985608,-5.484983899856076
178,195.63467872297474,-17.63467872297474
295,199.46456556370237,95.53543443629763
178,191.4820188340615,-13.482018834061506
178,181.53792694311127,-3.537926943111273
180,198.71393723247638,-18.713937232476383
176,175.56690573300205,0.43309426699795495
179,204.28096733473393,-25.28096733473393
249,191.19725349246224,57.80274650753776
179,194.30781172117767,-15.307811721177671
48,201.1784907280408,-153.1784907280408
180,185.77509181925777,-5.775091819257767
179,196.3623678879522,-17.36236788795219
264,182.15935847910472,81.84064152089528
174,176.0002105901333,-2.0002105901332925
179,192.0257364789454,-13.02573647894539
248,199.19412626158731,48.805873738412686
279,204.28096733473393,74.71903266526607
298,191.72009884347426,106.27990115652574
179,193.56312117576846,-14.563121175768458
179,191.72009884347426,-12.720098843474261
178,196.17645645860046,-18.176456458600455
181,189.8773411978031,-8.877341197803105
237,181.38684738687442,55.61315261312558
175,177.89772268054173,-2.897722680541733
209,202.114748401114,6.885251598885986
178,194.63252643438628,-16.63252643438628
180,194.30781172117767,-14.307811721177671
279,194.67722333910052,84.32277666089948
18,181.44418964812002,-163.44418964812002
237,176.5616694166093,60.438330583390695
270,196.3623678879522,73.63763211204781
50,192.21089731631633,-142.21089731631633
296,191.4820188340615,104.5179811659385
298,195.20697541152362,102.79302458847638
88,183.54413222821066,-95.54413222821066
175,183.40825042516917,-8.408250425169172
176,182.8533923237673,-6.853392323767309
178,183.7041122396752,-5.704112239675197
328,197.3176068226607,130.6823931773393
178,200.72260961476357,-22.72260961476357
20,202.51564960092176,-182.51564960092176
177,191.19725349246224,-14.197253492462238
178,193.40874094464021,-15.408740944640215
239,191.12385427470133,47.87614572529867
293,179.2656605200307,113.7343394799693
177,207.99241557327915,-30.992415573279146
176,173.43044791843698,2.5695520815630175
46,176.00961435284395,-130.00961435284395
178,197.95404977372073,-19.954049773720726
175,188.09553030676165,-13.095530306761646
175,183.13779946891486,-8.137799468914864
177,194.66952595846843,-17.669525958468427
178,181.53792694311127,-3.537926943111273
359,191.72009884347426,167.27990115652574
310,202.51564960092176,107.48435039907824
179,202.51564960092176,-23.515649600921762
205,179.6896954225749,25.310304577425086
177,174.7234398732661,2.276560126733898
28,179.92851310814987,-151.92851310814987
175,181.94302224746423,-6.943022247464228
298,202.51564960092176,95.48435039907824
176,172.43200859935487,3.567991400645127
177,194.77452920603457,-17.774529206034572
324,192.0257364789454,131.9742635210546
218,195.4094801164737,22.590519883526298
265,183.13779946891486,81.86220053108514
178,200.99257929868907,-22.992579298689066
181,199.38465331504148,-18.384653315041476
190,175.9437098375815,14.056290162418492
325,201.70717296184787,123.29282703815213
298,198.52802580312465,99.47197419687535
176,170.8976654612106,5.102334538789393
237,176.1078096458705,60.8921903541295
179,191.38316492181397,-12.383164921813972
249,198.45127285697552,50.54872714302448
178,198.2653614276238,-20.265361427623787
364,183.96677661517606,180.03322338482394
178,200.72260961476357,-22.72260961476357
150,186.43358706286287,-36.43358706286287
50,195.7681999448176,-145.7681999448176
47,193.0887114532512,-146.0887114532512
309,194.30781172117767,114.69218827882233
180,193.31849333915338,-13.318493339153378
148,197.768138344369,-49.76813834436899
176,181.77892243917523,-5.778922439175233
176,182.48493207376427,-6.48493207376427
45,180.68950325749867,-135.68950325749867
19,198.29558029294435,-179.29558029294435
106,197.51289935383824,-91.51289935383824
17,184.096187291976,-167.096187291976
105,179.92851310814987,-74.92851310814987
236,198.8984621851915,37.101537814808495
175,184.27134824178512,-9.27134824178512
178,191.53418741412253,-13.534187414122528
178,217.78965954217924,-39.78965954217924
147,184.096187291976,-37.09618729197601
236,175.6635180890953,60.336481910904695
178,197.60447865064558,-19.604478650645575
208,196.3623678879522,11.637632112047811
359,194.08047137062093,164.91952862937907
179,202.51564960092176,-23.515649600921762
55,196.00923617389492,-141.00923617389492
176,185.0145356085443,-9.014535608544293
206,185.92437420080185,20.07562579919815
27,176.99518016785132,-149.99518016785132
279,207.99241557327915,71.00758442672085
179,194.41219552185478,-15.412195521854784
149,189.47670204373043,-40.47670204373043
279,200.7313256542366,78.2686743457634
294,186.77509411670974,107.22490588329026
179,199.4170372150212,-20.417037215021196
136,205.06003792386142,-69.06003792386142
114,182.4143513653054,-68.41435136530541
178,196.3623678879522,-18.36236788795219
17,201.3638801301404,-184.3638801301404
269,191.72009884347426,77.27990115652574
178,196.3623678879522,-18.36236788795219
178,193.56312117576846,-15.563121175768458
236,187.11863554050703,48.88136445949297
248,202.18198919665258,45.81801080334742
136,184.90694844514084,-48.90694844514084
190,187.46405131111507,2.535948688884929
237,201.1654759562502,35.83452404374981
206,184.90694844514084,21.09305155485916
221,210.24016420373252,10.759835796267481
179,193.97087779951738,-14.970877799517382
51,184.260287100265,-133.260287100265
281,198.8984621851915,82.1015378148085
177,191.6712421975207,-14.671242197520712
151,200.56295745035854,-49.56295745035854
175,190.9118225885081,-15.911822588508102
175,183.1672549291052,-8.167254929105212
267,210.24016420373252,56.75983579626748
209,198.4222621502748,10.577737849725196
19,191.4820188340615,-172.4820188340615
176,175.39165477381616,0.6083452261838431
121,193.0887114532512,-72.0887114532512
296,189.69142976845137,106.30857023154863
176,184.27134824178512,-8.27134824178512
74,175.56690573300205,-101.56690573300205
176,177.00494811854333,-1.004948118543325
176,176.80640383348654,-0.8064038334865415
180,194.9604406353863,-14.960440635386306
237,185.10861007734866,51.89138992265134
174,174.2016578089984,-0.20165780899839092
177,182.10977973869635,-5.109779738696346
180,198.8984621851915,-18.898462185191505
177,192.0257364789454,-15.02573647894539
236,191.29610740470977,44.70389259529023
159,161.17702822845604,-2.177028228456038
179,193.50570913570402,-14.505709135704024
178,199.65065663317947,-21.650656633179466
218,189.8773411978031,28.122658802196895
179,192.0257364789454,-13.02573647894539
175,174.32649235196814,0.6735076480318583
205,181.48498389985608,23.515016100143924
178,204.28096733473393,-26.28096733473393
17,176.32067392054535,-159.32067392054535
262,177.76913276098608,84.23086723901392
178,191.38316492181397,-13.383164921813972
187,184.260287100265,2.7397128997349967
178,191.72009884347426,-13.720098843474261
177,194.66952595846843,-17.669525958468427
237,199.91506097416783,37.08493902583217
331,204.28096733473393,126.71903266526607
177,183.53657186721122,-6.536571867211222
357,205.7595184299602,151.2404815700398
176,177.89772268054173,-1.897722680541733
210,198.2653614276238,11.734638572376213
177,200.3062802571623,-23.306280257162314
176,199.04498020874652,-23.044980208746523
270,195.32965067931562,74.67034932068438
325,207.99241557327915,117.00758442672085
178,185.10861007734866,-7.108610077348658
181,198.2653614276238,-17.265361427623787
178,204.28096733473393,-26.28096733473393
355,175.36578041985726,179.63421958014274
237,204.98718615028693,32.01281384971307
178,198.4222621502748,-20.422262150274804
180,200.08854772784127,-20.088547727841274
86,162.85447703770032,-76.85447703770032
59,170.97119123189282,-111.97119123189282
176,192.5305447001158,-16.530544700115797
267,186.9837105665308,80.01628943346921
176,186.44613692916812,-10.44613692916812
267,188.54645267628345,78.45354732371655
178,201.1654759562502,-23.16547595625019
178,198.45127285697552,-20.45127285697552
180,198.71393723247638,-18.713937232476383
178,187.42244834623295,-9.422448346232954
179,199.41737398934916,-20.41737398934916
175,181.38684738687442,-6.386847386874422
179,196.1852862493682,-17.185286249368204
108,191.4820188340615,-83.4820188340615
179,196.1852862493682,-17.185286249368204
178,198.45127285697552,-20.45127285697552
179,200.56295745035854,-21.56295745035854
270,201.1654759562502,68.83452404374981
249,180.86876306272896,68.13123693727104
180,191.4820188340615,-11.482018834061506
103,167.34681186138886,-64.34681186138886
177,198.45127285697552,-21.45127285697552
178,198.52802580312465,-20.52802580312465
249,197.1354774720179,51.8645225279821
352,179.12366868628732,172.87633131371268
180,191.4820188340615,-11.482018834061506
49,192.65238268237442,-143.65238268237442
177,193.19873725407697,-16.198737254076974
181,205.52786207771473,-24.52786207771473
50,191.58940770806862,-141.58940770806862
237,201.1654759562502,35.83452404374981
176,174.32649235196814,1.6735076480318583
237,198.52802580312465,38.47197419687535
295,202.63451499756482,92.36548500243518
179,198.71393723247638,-19.713937232476383
279,201.4342501492668,77.5657498507332
178,176.12962126693324,1.870378733066758
176,191.53418741412253,-15.534187414122528
159,175.98373999888506,-16.983739998885056
179,198.6828487454071,-19.682848745407114
205,198.06662790828,6.933372091720003
176,183.13779946891486,-7.137799468914864
136,198.45127285697552,-62.45127285697552
177,182.47896980636264,-5.478969806362642
177,189.95131772652658,-12.951317726526582
329,195.58228851546588,133.41771148453412
295,200.08854772784127,94.91145227215873
177,175.23582976128964,1.7641702387103635
207,198.71393723247638,8.286062767523617
291,155.60249582789157,135.39750417210843
177,209.08248538108728,-32.08248538108728
178,200.32979977201865,-22.329799772018646
178,201.1654759562502,-23.16547595625019
177,208.00642390483102,-31.006423904831024
178,198.79543437446097,-20.795434374460967
180,194.85543738782016,-14.85543738782016
179,198.01147820945147,-19.011478209451468
149,191.29610740470977,-42.29610740470977
48,200.59484936297136,-152.59484936297136
175,182.15935847910472,-7.159358479104725
179,196.17645645860046,-17.176456458600455
264,213.38168892349134,50.61831107650866
174,163.0944326807934,10.905567319206597
76,178.51568225956953,-102.51568225956953
177,182.26670071815133,-5.266700718151327
176,175.56690573300205,0.43309426699795495
178,193.7490326051202,-15.749032605120192
157,184.12887207636734,-27.128872076367344
176,176.0002105901333,-0.00021059013329249865
206,178.91988347376636,27.08011652623364
58,172.24609717000314,-114.24609717000314
157,176.2590155842197,-19.259015584219696
180,191.38316492181397,-11.383164921813972
267,181.8470921525531,85.1529078474469
176,174.2016578089984,1.798342191001609
329,200.56295745035854,128.43704254964146
181,194.77452920603457,-13.774529206034572
177,206.80319656484576,-29.803196564845763
209,204.42041620819032,4.579583791809682
310,193.8945599412692,116.1054400587308
179,192.0431294320174,-13.043129432017395
159,171.55203968743308,-12.55203968743308
177,194.85543738782016,-17.85543738782016
280,197.3176068226607,82.68239317733929
149,198.4222621502748,-49.422262150274804
121,204.28096733473393,-83.28096733473393
175,182.15935847910472,-7.159358479104725
326,200.15092600242698,125.84907399757302
249,194.9604406353863,54.039559364613694
206,195.20697541152362,10.793024588476385
177,181.38239909093716,-4.382399090937156
176,180.1044293740045,-4.104429374004496
248,192.0257364789454,55.97426352105461
177,173.82527316546697,3.1747268345330326
207,188.84247473398113,18.157525266018865
176,181.53792694311127,-5.537926943111273
181,202.09965054992725,-21.099650549927247
79,191.4820188340615,-112.4820188340615
181,188.84247473398113,-7.842474733981135
238,198.8984621851915,39.101537814808495
177,186.63894312311754,-9.638943123117542
251,193.8945599412692,57.10544005873081
206,198.7759906459004,7.224009354099593
181,193.8945599412692,-12.894559941269193
328,198.29558029294435,129.70441970705565
179,203.90957027158333,-24.909570271583334
270,193.0887114532512,76.9112885467488
21,196.74662666645273,-175.74662666645273
177,198.4222621502748,-21.422262150274804
178,200.99257929868907,-22.992579298689066
188,191.0948719102887,-3.0948719102887026
177,183.39698451742032,-6.3969845174203215
177,196.74662666645273,-19.746626666452727
147,202.51564960092176,-55.51564960092176
28,162.85447703770032,-134.85447703770032
173,164.96125303327423,8.038746966725768
295,183.81695691023214,111.18304308976786
178,195.87629488055126,-17.876294880551256
176,182.10977973869635,-6.109779738696346
179,190.83430842681688,-11.834308426816875
294,173.82527316546697,120.17472683453303
177,204.28096733473393,-27.28096733473393
237,191.5158951621125,45.484104837887486
176,188.47789622253785,-12.47789622253785
249,195.63467872297474,53.36532127702526
292,181.21620690524404,110.78379309475596
218,204.28096733473393,13.71903266526607
181,200.08854772784127,-19.088547727841274
174,176.5616694166093,-2.5616694166093055
19,195.87629488055126,-176.87629488055126
220,203.90957027158333,16.090429728416666
205,180.041683397345,24.958316602655003
177,182.32297938687404,-5.322979386874039
117,176.1078096458705,-59.1078096458705
179,185.58918038990603,-6.5891803899060335
178,195.87629488055126,-17.876294880551256
292,180.4957491102598,111.5042508897402
178,191.4820188340615,-13.482018834061506
177,205.2467817402928,-28.24678174029279
115,163.39900430740246,-48.399004307402464
174,192.26432591087018,-18.264325910870184
180,205.26519770221387,-25.265197702213868
279,198.06662790828,80.93337209172
145,180.7223889530323,-35.722388953032294
270,196.17645645860046,73.82354354139954
175,182.0477907332838,-7.04779073328379
178,201.83698617442639,-23.836986174426386
267,186.9327241111553,80.0672758888447
179,181.44418964812002,-2.444189648120016
176,178.29365947477362,-2.2936594747736194
208,191.72009884347426,16.27990115652574
121,192.0257364789454,-71.02573647894539
348,155.60249582789157,192.39750417210843
178,201.1784907280408,-23.1784907280408
190,198.79543437446097,-8.795434374460967
236,183.53657186721122,52.46342813278878
26,159.6502071744647,-133.6502071744647
180,186.97767882386492,-6.97767882386492
297,198.29558029294435,98.70441970705565
175,205.6757610680889,-30.67576106808889
267,198.52802580312465,68.47197419687535
176,171.15710266124455,4.842897338755449
279,200.08854772784127,78.91145227215873
173,197.3145805646489,-24.314580564648907
188,191.72009884347426,-3.7200988434742612
146,199.74435678901568,-53.74435678901568
264,182.6336208250628,81.36637917493721
177,188.47789622253785,-11.47789622253785
251,186.9327241111553,64.0672758888447
178,170.97119123189282,7.028808768107183
176,176.1078096458705,-0.10780964587050335
267,197.60447865064558,69.39552134935442
77,176.1078096458705,-99.1078096458705
179,193.8945599412692,-14.894559941269193
177,187.23653691688122,-10.23653691688122
328,195.32965067931562,132.67034932068438
187,176.29372107522224,10.706278924777763
50,191.72009884347426,-141.72009884347426
178,197.7590921887188,-19.759092188718796
325,197.9483852685311,127.0516147314689
179,191.72009884347426,-12.720098843474261
178,198.01147820945147,-20.011478209451468
218,193.56312117576846,24.436878824231542
357,176.5250034600069,180.4749965399931
267,202.2345663792872,64.7654336207128
327,197.9017501594034,129.0982498405966
292,188.56165358440916,103.43834641559084
179,197.23954824289603,-18.239548242896035
16,175.6635180890953,-159.6635180890953
208,191.53418741412253,16.465812585877472
180,201.83698617442639,-21.836986174426386
179,195.7681999448176,-16.76819994481761
179,198.8984621851915,-19.898462185191505
296,184.096187291976,111.90381270802399
178,205.2467817402928,-27.24678174029279
179,191.53418741412253,-12.534187414122528
298,198.29558029294435,99.70441970705565
176,181.64951176237528,-5.649511762375283
103,170.20585082679773,-67.20585082679773
134,198.6828487454071,-64.68284874540711
178,181.64951176237528,-3.6495117623752833
269,193.8945599412692,75.1054400587308
248,194.9604406353863,53.039559364613694
178,198.71393723247638,-20.713937232476383
176,182.7391590817564,-6.739159081756412
177,182.8533923237673,-5.853392323767309
178,198.79543437446097,-20.795434374460967
176,179.20942932165082,-3.2094293216508163
175,175.23582976128964,-0.2358297612896365
190,207.79889851748797,-17.79889851748797
145,170.36995063508672,-25.369950635086724
175,201.4342501492668,-26.434250149266802
298,181.58292537283148,116.41707462716852
294,184.91586477363043,109.08413522636957
79,176.2590155842197,-97.2590155842197
147,185.0145356085443,-38.01453560854429
14,170.36995063508672,-156.36995063508672
327,197.9017501594034,129.0982498405966
300,195.58228851546588,104.41771148453412
178,194.77452920603457,-16.774529206034572
181,197.51289935383824,-16.512899353838236
176,177.97439957656738,-1.9743995765673787
323,175.5516347852807,147.4483652147193
114,175.2269753576453,-61.2269753576453
176,181.53792694311127,-5.537926943111273
87,162.85447703770032,-75.85447703770032
179,200.7313256542366,-21.7313256542366
178,200.56295745035854,-22.56295745035854
176,174.26675853152506,1.7332414684749438
177,197.9017501594034,-20.901750159403406
177,179.92851310814987,-2.928513108149872
176,175.20630291552834,0.7936970844716598
177,180.13712955797092,-3.1371295579709226
108,191.53418741412253,-83.53418741412253
294,198.06484722247185,95.93515277752815
179,205.2467817402928,-26.24678174029279
180,195.20697541152362,-15.206975411523615
177,199.30764458424738,-22.307644584247385
239,198.2653614276238,40.73463857237621
178,202.51564960092176,-24.515649600921762
176,181.38684738687442,-5.386847386874422
177,189.7615061948533,-12.761506194853297
180,197.9483852685311,-17.948385268531098
206,174.7009148693728,31.29908513062719
264,199.46456556370237,64.53543443629763
179,197.80623855356515,-18.80623855356515
177,194.85543738782016,-17.85543738782016
178,187.42244834623295,-9.422448346232954
267,206.80319656484576,60.19680343515424
178,199.4170372150212,-21.417037215021196
145,172.15986366975795,-27.159863669757954
178,198.79543437446097,-20.795434374460967
177,184.90694844514084,-7.906948445140841
267,200.91232042764366,66.08767957235634
268,196.14373578429277,71.85626421570723
86,186.21380686222392,-100.21380686222392
176,182.69151594523296,-6.691515945232965
180,194.44661500503454,-14.446615005034545
174,186.21380686222392,-12.213806862223919
218,196.3623678879522,21.63763211204781
177,202.63451499756482,-25.63451499756482
175,198.06662790828,-23.066627908279997
178,197.68753253578325,-19.687532535783248
177,186.9837105665308,-9.983710566530789
17,183.96677661517606,-166.96677661517606
179,200.56295745035854,-21.56295745035854
178,197.51289935383824,-19.512899353838236
267,193.469114042474,73.53088595752601
248,194.85543738782016,53.14456261217984
176,175.70271434151755,0.29728565848245125
178,191.81650964755707,-13.81650964755707
118,172.43200859935487,-54.43200859935487
249,190.8885225287794,58.11147747122061
116,180.7223889530323,-64.7223889530323
178,194.30781172117767,-16.30781172117767
176,182.4143513653054,-6.414351365305407
298,211.8267165201116,86.1732834798884
174,170.4747191209063,3.525280879093714
251,193.50570913570402,57.49429086429598
178,205.26519770221387,-27.265197702213868
72,170.61414036497933,-98.61414036497933
299,191.38316492181397,107.61683507818603
267,183.13779946891486,83.86220053108514
18,195.7681999448176,-177.7681999448176
356,195.20697541152362,160.79302458847638
177,180.68950325749867,-3.6895032574986715
179,194.67722333910052,-15.677223339100522
178,197.9017501594034,-19.901750159403406
180,191.53418741412253,-11.534187414122528
328,193.8945599412692,134.1054400587308
179,184.260287100265,-5.260287100265003
178,191.72009884347426,-13.720098843474261
179,204.98718615028693,-25.98718615028693
180,196.14373578429277,-16.143735784292772
176,194.51279217735956,-18.512792177359557
178,195.32965067931562,-17.32965067931562
179,191.53418741412253,-12.534187414122528
49,205.52786207771473,-156.52786207771473
174,169.7756659774417,4.22433402255831
180,192.0257364789454,-12.02573647894539
46,188.75485183029502,-142.75485183029502
178,197.91044348921713,-19.91044348921713
220,199.4170372150212,20.582962784978804
206,180.88771645285658,25.11228354714342
181,200.91232042764366,-19.912320427643664
87,169.32285109890998,-82.32285109890998
116,183.7041122396752,-67.7041122396752
145,176.21087609908918,-31.210876099089177
107,191.19725349246224,-84.19725349246224
21,197.60447865064558,-176.60447865064558
74,177.48849829667287,-103.48849829667287
175,181.64951176237528,-6.649511762375283
298,185.7265767247257,112.2734232752743
267,191.06916068456812,75.93083931543188
178,184.096187291976,-6.096187291976008
177,202.63451499756482,-25.63451499756482
86,202.68780059021654,-116.68780059021654
179,197.768138344369,-18.768138344368992
280,193.56312117576846,86.43687882423154
176,186.85363650690428,-10.85363650690428
178,189.47670204373043,-11.476702043730427
87,136.89656923669122,-49.89656923669122
328,204.28096733473393,123.71903266526607
356,205.2467817402928,150.7532182597072
180,197.768138344369,-17.768138344368992
298,183.85519179591205,114.14480820408795
296,186.05020013493623,109.94979986506377
267,195.63467872297474,71.36532127702526
236,193.8945599412692,42.10544005873081
181,193.0812139016877,-12.081213901687704
237,191.19725349246224,45.80274650753776
180,199.91506097416783,-19.91506097416783
149,200.56295745035854,-51.56295745035854
180,197.91044348921713,-17.91044348921713
236,199.46456556370237,36.535434436297635
176,181.95408338898434,-5.954083388984344
221,197.80623855356515,23.19376144643485
176,184.12887207636734,-8.128872076367344
237,199.35722332465576,37.64277667534424
206,196.00052341095724,9.999476589042757
175,199.16976297823948,-24.169762978239476
46,183.13779946891486,-137.13779946891486
176,197.23954824289603,-21.239548242896035
179,197.668155499297,-18.668155499297
87,176.0002105901333,-89.00021059013329
251,193.56312117576846,57.43687882423154
209,197.95404977372073,11.045950226279274
236,198.2653614276238,37.73463857237621
206,184.00278163713102,21.997218362868978
179,205.2467817402928,-26.24678174029279
187,191.4820188340615,-4.482018834061506
180,201.83698617442639,-21.836986174426386
176,184.50930811629684,-8.509308116296836
50,200.91232042764366,-150.91232042764366
180,205.52786207771473,-25.52786207771473
178,198.8984621851915,-20.898462185191505
279,193.7490326051202,85.25096739487981
180,194.99057768735435,-14.990577687354346
180,207.99241557327915,-27.992415573279146
297,198.71393723247638,98.28606276752362
179,181.95408338898434,-2.954083388984344
179,181.64951176237528,-2.6495117623752833
220,185.10861007734866,34.89138992265134
322,205.56357699932278,116.43642300067722
181,201.1654759562502,-20.16547595625019
249,181.84711536319548,67.15288463680452
323,178.29365947477362,144.70634052522638
179,194.08047137062093,-15.080471370620927
267,195.4094801164737,71.5905198835263
178,197.3176068226607,-19.317606822660707
179,190.50381230326983,-11.503812303269825
178,194.63252643438628,-16.63252643438628
48,174.32649235196814,-126.32649235196814
148,202.114748401114,-54.114748401114014
237,213.38168892349134,23.61831107650866
178,191.29610740470977,-13.296107404709772
179,193.0812139016877,-14.081213901687704
267,201.83698617442639,65.16301382557361
178,194.08047137062093,-16.080471370620927
80,193.56312117576846,-113.56312117576846
179,198.45127285697552,-19.45127285697552
267,199.5352506028055,67.46474939719451
267,180.16170495356187,86.83829504643813
206,180.16170495356187,25.838295046438134
19,205.52786207771473,-186.52786207771473
181,199.38465331504148,-18.384653315041476
20,204.42041620819032,-184.42041620819032
249,204.42041620819032,44.57958379180968
267,211.07589687700343,55.92410312299657
179,198.71393723247638,-19.713937232476383
179,181.95408338898434,-2.954083388984344
188,187.22421329794162,0.7757867020583831
80,193.97087779951738,-113.97087779951738
177,194.67722333910052,-17.67722333910052
180,197.9483852685311,-17.948385268531098
178,191.4820188340615,-13.482018834061506
218,180.88771645285658,37.11228354714342
126,184.260287100265,-58.260287100265
175,180.16170495356187,-5.161704953561866
239,191.12385427470133,47.87614572529867
121,199.41737398934916,-78.41737398934916
205,197.23954824289603,7.760451757103965
218,197.768138344369,20.231861655631008
180,198.52802580312465,-18.52802580312465
298,191.0948719102887,106.9051280897113
267,182.8533923237673,84.14660767623269
45,175.2269753576453,-130.2269753576453
220,181.38684738687442,38.61315261312558
177,193.7490326051202,-16.749032605120192
355,186.9837105665308,168.0162894334692
361,172.26030389793914,188.73969610206086
179,198.8984621851915,-19.898462185191505
237,198.71393723247638,38.28606276752362
177,175.9437098375815,1.0562901624184917
178,198.52802580312465,-20.52802580312465
263,185.92437420080185,77.07562579919815
322,175.70271434151755,146.29728565848245
81,200.56295745035854,-119.56295745035854
177,207.79889851748797,-30.79889851748797
175,176.29372107522224,-1.293721075222237
220,194.85543738782016,25.14456261217984
292,186.1502906701544,105.84970932984561
175,180.86698237692082,-5.8669823769208165
21,190.90896048093697,-169.90896048093697
178,191.72009884347426,-13.720098843474261
322,193.50570913570402,128.49429086429598
179,191.4820188340615,-12.482018834061506
292,185.92437420080185,106.07562579919815
176,175.9437098375815,0.05629016241849172
350,199.52132313294476,150.47867686705524
174,160.12594615833694,13.874053841663056
237,198.52802580312465,38.47197419687535
180,190.83430842681688,-10.834308426816875
50,199.61221621085645,-149.61221621085645
120,196.3623678879522,-76.36236788795219
148,196.3623678879522,-48.36236788795219
294,175.73754621463243,118.26245378536757
180,201.83698617442639,-21.836986174426386
207,198.2653614276238,8.734638572376213
149,183.39698451742032,-34.39698451742032
302,169.96485533073377,132.03514466926623
180,197.768138344369,-17.768138344368992
181,202.51564960092176,-21.515649600921762
177,176.29372107522224,0.706278924777763
353,171.15710266124455,181.84289733875545
355,174.32649235196814,180.67350764803186
176,197.7590921887188,-21.759092188718796
178,201.83698617442639,-23.836986174426386
181,194.85543738782016,-13.85543738782016
179,211.07589687700343,-32.07589687700343
177,186.35050079886187,-9.350500798861873
177,200.99257929868907,-23.992579298689066
182,207.51469097622862,-25.51469097622862
298,196.17645645860046,101.82354354139954
16,139.4084405366181,-123.40844053661809
178,195.87629488055126,-17.876294880551256
218,194.85543738782016,23.14456261217984
127,232.57117099487886,-105.57117099487886
239,185.54995168339718,53.45004831660282
332,163.0944326807934,168.9055673192066
188,196.1852862493682,-8.185286249368204
299,186.97767882386492,112.02232117613508
179,200.99257929868907,-21.992579298689066
175,182.10977973869635,-7.109779738696346
178,198.4222621502748,-20.422262150274804
235,182.15935847910472,52.840641520895275
178,194.85543738782016,-16.85543738782016
176,184.00278163713102,-8.002781637131022
279,205.26519770221387,73.73480229778613
249,202.2345663792872,46.7654336207128
174,166.12059684590648,7.879403154093524
174,175.70271434151755,-1.7027143415175487
298,191.29610740470977,106.70389259529023
179,186.44613692916812,-7.446136929168119
178,194.44661500503454,-16.446615005034545
180,198.52802580312465,-18.52802580312465
174,176.11887078739062,-2.1188707873906196
178,188.256906828399,-10.256906828398996
237,191.72009884347426,45.27990115652574
176,185.19573150598276,-9.195731505982764
177,181.95408338898434,-4.954083388984344
236,202.51564960092176,33.48435039907824
87,196.00923617389492,-109.00923617389492
177,195.63467872297474,-18.63467872297474
19,201.83698617442639,-182.83698617442639
178,191.4820188340615,-13.482018834061506
327,197.9017501594034,129.0982498405966
298,198.4222621502748,99.5777378497252
180,194.44661500503454,-14.446615005034545
175,198.52802580312465,-23.52802580312465
17,179.92851310814987,-162.92851310814987
178,204.28096733473393,-26.28096733473393
295,174.7009148693728,120.29908513062719
58,174.2016578089984,-116.20165780899839
279,195.87629488055126,83.12370511944874
267,191.29610740470977,75.70389259529023
356,189.8773411978031,166.1226588021969
98,167.34681186138886,-69.34681186138886
157,197.3176068226607,-40.31760682266071
177,199.19412626158731,-22.194126261587314
178,186.44613692916812,-8.44613692916812
117,182.32345828739372,-65.32345828739372
178,195.63467872297474,-17.63467872297474
15,178.29365947477362,-163.29365947477362
322,175.88862577086928,146.11137422913072
178,181.38684738687442,-3.3868473868744218
179,198.2653614276238,-19.265361427623787
49,194.85543738782016,-145.85543738782016
86,169.65379576303238,-83.65379576303238
295,199.38465331504148,95.61534668495852
178,209.0501020397166,-31.05010203971659
174,144.41204283407762,29.587957165922376
208,198.4222621502748,9.577737849725196
206,191.38316492181397,14.616835078186028
218,198.06662790828,19.933372091720003
175,180.93179976009648,-5.931799760096482
146,183.1728689405711,-37.17286894057111
48,195.58228851546588,-147.58228851546588
181,192.0257364789454,-11.02573647894539
175,170.69684329357585,4.303156706424147
148,193.56312117576846,-45.56312117576846
300,199.19412626158731,100.80587373841269
328,198.71393723247638,129.28606276752362
181,196.3623678879522,-15.362367887952189
176,180.85560408777033,-4.855604087770331
177,175.88862577086928,1.1113742291307176
234,177.4800177331776,56.51998226682241
176,183.85519179591205,-7.855191795912049
78,184.32167827031677,-106.32167827031677
180,198.71393723247638,-18.713937232476383
179,182.41923598591956,-3.4192359859195562
248,191.12385427470133,56.87614572529867
117,174.2016578089984,-57.20165780899839
176,178.29365947477362,-2.2936594747736194
178,201.1784907280408,-23.1784907280408
181,197.51289935383824,-16.512899353838236
175,195.58228851546588,-20.582288515465876
268,197.3176068226607,70.68239317733929
180,196.17645645860046,-16.176456458600455
267,195.58228851546588,71.41771148453412
180,199.65065663317947,-19.650656633179466
190,199.91506097416783,-9.91506097416783
322,193.0812139016877,128.9187860983123
236,205.26519770221387,30.734802297786132
177,191.19725349246224,-14.197253492462238
177,205.52786207771473,-28.52786207771473
177,210.11037685052634,-33.110376850526336
18,191.06916068456812,-173.06916068456812
179,191.92130471881714,-12.92130471881714
136,194.41219552185478,-58.412195521854784
279,197.7590921887188,81.2409078112812
177,182.85619536140382,-5.85619536140382
234,183.13779946891486,50.862200531085136
178,194.8046662580026,-16.804666258002612
353,204.28096733473393,148.71903266526607
178,201.83698617442639,-23.836986174426386
181,200.99257929868907,-19.992579298689066
267,198.52802580312465,68.47197419687535
357,193.7490326051202,163.2509673948798
128,175.5775662031679,-47.57756620316789
179,198.71393723247638,-19.713937232476383
178,197.80623855356515,-19.80623855356515
267,201.83698617442639,65.16301382557361
60,197.95404977372073,-137.95404977372073
177,191.53418741412253,-14.534187414122528
78,192.65238268237442,-114.65238268237442
76,184.096187291976,-108.09618729197601
19,200.32979977201865,-181.32979977201865
175,175.5516347852807,-0.5516347852806973
279,206.1543999107001,72.8456000892999
268,245.01597925740313,22.98402074259687
177,197.95404977372073,-20.954049773720726
176,184.096187291976,-8.096187291976008
239,193.8945599412692,45.10544005873081
251,169.4606622924846,81.53933770751539
179,196.3623678879522,-17.36236788795219
176,184.096187291976,-8.096187291976008
176,178.29365947477362,-2.2936594747736194
292,173.29171219372552,118.70828780627448
28,173.82527316546697,-145.82527316546697
177,191.19725349246224,-14.197253492462238
179,188.84247473398113,-9.842474733981135
180,199.4170372150212,-19.417037215021196
248,191.4820188340615,56.517981165938494
177,201.1784907280408,-24.1784907280408
291,159.81488659063555,131.18511340936445
178,196.17645645860046,-18.176456458600455
180,197.95404977372073,-17.954049773720726
177,180.39857462439764,-3.3985746243976394
249,196.3623678879522,52.63763211204781
325,193.0887114532512,131.9112885467488
237,175.70271434151755,61.29728565848245
120,206.80319656484576,-86.80319656484576
19,170.97119123189282,-151.97119123189282
178,204.98718615028693,-26.98718615028693
18,200.99257929868907,-182.99257929868907
180,196.14373578429277,-16.143735784292772
298,198.4222621502748,99.5777378497252
147,176.11887078739062,-29.11887078739062
180,191.72009884347426,-11.720098843474261
176,176.27124919692295,-0.2712491969229518
178,205.2467817402928,-27.24678174029279
175,181.84711536319548,-6.847115363195485
218,199.4170372150212,18.582962784978804
298,199.19412626158731,98.80587373841269
298,192.65238268237442,105.34761731762558
296,200.99257929868907,95.00742070131093
176,182.8533923237673,-6.853392323767309
175,178.29365947477362,-3.2936594747736194
176,185.80066717995507,-9.80066717995507
237,195.7681999448176,41.23180005518239
270,186.97767882386492,83.02232117613508
177,199.61221621085645,-22.612216210856445
175,201.70717296184787,-26.707172961847874
178,204.28096733473393,-26.28096733473393
237,192.0257364789454,44.97426352105461
237,194.44661500503454,42.553384994965455
175,191.5158951621125,-16.515895162112514
178,204.98718615028693,-26.98718615028693
188,202.63451499756482,-14.634514997564821
180,194.85543738782016,-14.85543738782016
181,199.4170372150212,-18.417037215021196
89,188.47789622253785,-99.47789622253785
178,209.0501020397166,-31.05010203971659
178,201.18264430032622,-23.182644300326217
181,200.99257929868907,-19.992579298689066
175,197.80623855356515,-22.80623855356515
291,175.00051114399324,115.99948885600676
322,202.18198919665258,119.81801080334742
178,199.61221621085645,-21.612216210856445
234,176.11887078739062,57.88112921260938
179,198.71393723247638,-19.713937232476383
179,191.72009884347426,-12.720098843474261
178,201.1654759562502,-23.16547595625019
176,186.44613692916812,-10.44613692916812
179,204.42041620819032,-25.420416208190318
237,197.7590921887188,39.240907811281204
178,204.42041620819032,-26.420416208190318
176,182.71185792802098,-6.711857928020976
179,195.63467872297474,-16.63467872297474
159,199.35722332465576,-40.35722332465576
105,184.90694844514084,-79.90694844514084
180,194.67722333910052,-14.677223339100522
177,202.114748401114,-25.114748401114014
237,172.24609717000314,64.75390282999686
114,184.12887207636734,-70.12887207636734
208,181.64951176237528,26.350488237624717
50,203.90957027158333,-153.90957027158333
178,194.51279217735956,-16.512792177359557
238,198.2653614276238,39.73463857237621
179,191.19725349246224,-12.197253492462238
180,191.72009884347426,-11.720098843474261
236,200.15092600242698,35.849073997573015
179,197.7590921887188,-18.759092188718796
237,199.35722332465576,37.64277667534424
145,199.35722332465576,-54.35722332465576
323,172.77932230570198,150.22067769429802
177,204.28096733473393,-27.28096733473393
249,185.0145356085443,63.98546439145571
296,191.19725349246224,104.80274650753776
175,191.09773401785984,-16.097734017859835
206,207.99241557327915,-1.9924155732791462
329,190.8885225287794,138.1114774712206
298,181.77892243917523,116.22107756082477
206,181.77892243917523,24.221077560824767
178,198.7759906459004,-20.775990645900407
176,185.0145356085443,-9.014535608544293
77,191.72009884347426,-114.72009884347426
176,176.3984895610418,-0.39848956104179933
47,196.74662666645273,-149.74662666645273
239,198.7759906459004,40.22400935409959
179,198.52802580312465,-19.52802580312465
206,199.8568619084125,6.1431380915875025
175,182.71185792802098,-7.711857928020976
190,198.45127285697552,-8.451272856975521
178,197.95404977372073,-19.954049773720726
294,199.52132313294476,94.47867686705524
325,180.39857462439764,144.60142537560236
177,175.6635180890953,1.3364819109046948
177,194.41219552185478,-17.412195521854784
138,198.79543437446097,-60.79543437446097
296,200.32979977201865,95.67020022798135
175,178.29365947477362,-3.2936594747736194
310,217.4131123376908,92.58688766230921
175,180.85560408777033,-5.855604087770331
151,200.08854772784127,-49.088547727841274
176,179.47457433770896,-3.474574337708958
178,192.0257364789454,-14.02573647894539
179,205.6757610680889,-26.67576106808889
176,196.7814779613554,-20.781477961355392
179,193.56312117576846,-14.563121175768458
48,175.81429916078156,-127.81429916078156
177,194.85543738782016,-17.85543738782016
48,184.27134824178512,-136.27134824178512
86,163.0944326807934,-77.0944326807934
178,192.21089731631633,-14.210897316316334
49,193.0812139016877,-144.0812139016877
175,180.041683397345,-5.041683397344997
175,191.92130471881714,-16.92130471881714
270,198.45127285697552,71.54872714302448
176,185.54995168339718,-9.549951683397182
327,198.79543437446097,128.20456562553903
179,199.19412626158731,-20.194126261587314
27,183.85519179591205,-156.85519179591205
77,206.80319656484576,-129.80319656484576
174,218.74226774785913,-44.74226774785913
180,197.768138344369,-17.768138344368992
179,202.51564960092176,-23.515649600921762
237,182.10977973869635,54.890220261303654
178,207.79889851748797,-29.79889851748797
178,176.32067392054535,1.679326079454654
118,191.53418741412253,-73.53418741412253
262,187.08178118151181,74.91821881848819
14,180.1044293740045,-166.1044293740045
237,168.84270271345682,68.15729728654318
178,191.29610740470977,-13.296107404709772
293,174.51240378131988,118.48759621868012
178,183.7041122396752,-5.704112239675197
179,207.79889851748797,-28.79889851748797
235,176.5616694166093,58.438330583390695
178,194.30781172117767,-16.30781172117767
177,175.70271434151755,1.2972856584824513
298,200.72260961476357,97.27739038523643
267,205.2467817402928,61.75321825970721
178,192.21089731631633,-14.210897316316334
178,194.44661500503454,-16.446615005034545
114,176.1078096458705,-62.1078096458705
207,195.20697541152362,11.793024588476385
208,191.63059821820534,16.369401781794664
178,198.29558029294435,-20.29558029294435
206,181.53792694311127,24.462073056888727
150,194.66952595846843,-44.66952595846843
180,197.91044348921713,-17.91044348921713
236,198.45127285697552,37.54872714302448
361,217.54339412491967,143.45660587508033
178,181.77892243917523,-3.7789224391752327
178,199.41737398934916,-21.41737398934916
221,197.768138344369,23.231861655631008
218,191.92130471881714,26.07869528118286
157,178.29365947477362,-21.29365947477362
177,189.69142976845137,-12.691429768451371
268,191.58940770806862,76.41059229193138
27,183.85519179591205,-156.85519179591205
178,191.29610740470977,-13.296107404709772
269,182.83032100744492,86.16967899255508
176,180.72661865107386,-4.7266186510738635
298,199.5352506028055,98.46474939719451
266,205.52786207771473,60.47213792228527
296,198.45127285697552,97.54872714302448
329,198.8984621851915,130.1015378148085
176,182.0477907332838,-6.04779073328379
178,196.3623678879522,-18.36236788795219
176,179.2656605200307,-3.265660520030707
178,193.0812139016877,-15.081213901687704
269,195.63467872297474,73.36532127702526
264,183.40825042516917,80.59174957483083
237,197.95404977372073,39.045950226279274
178,194.30781172117767,-16.30781172117767
179,184.096187291976,-5.096187291976008
180,198.45127285697552,-18.45127285697552
357,196.74662666645273,160.25337333354727
179,199.41737398934916,-20.41737398934916
180,197.60447865064558,-17.604478650645575
352,163.0944326807934,188.9055673192066
177,176.21087609908918,0.7891239009108233
56,172.77932230570198,-116.77932230570198
179,196.90410557462366,-17.904105574623657
177,173.27058230152437,3.729417698475629
179,195.7681999448176,-16.76819994481761
323,176.12962126693324,146.87037873306676
206,173.43044791843698,32.56955208156302
239,181.38684738687442,57.61315261312558
27,182.47896980636264,-155.47896980636264
237,194.85543738782016,42.14456261217984
148,204.98718615028693,-56.98718615028693
118,197.51289935383824,-79.51289935383824
178,194.66952595846843,-16.669525958468427
177,195.32965067931562,-18.32965067931562
179,204.42041620819032,-25.420416208190318
77,183.51825787425176,-106.51825787425176
266,181.95408338898434,84.04591661101566
177,194.03701319723945,-17.037013197239446
178,180.16170495356187,-2.161704953561866
181,187.6084241513779,-6.608424151377903
175,175.2269753576453,-0.2269753576453013
177,201.1784907280408,-24.1784907280408
209,196.3623678879522,12.637632112047811
175,176.12962126693324,-1.129621266933242
179,194.22628409250305,-15.22628409250305
178,200.32979977201865,-22.329799772018646
298,198.29558029294435,99.70441970705565
327,181.94302224746423,145.05697775253577
362,182.32345828739372,179.67654171260628
25,170.36995063508672,-145.36995063508672
238,199.4170372150212,38.582962784978804
178,189.69142976845137,-11.691429768451371
108,202.51564960092176,-94.51564960092176
362,175.23582976128964,186.76417023871036
238,193.50570913570402,44.49429086429598
298,190.83430842681688,107.16569157318312
134,174.51240378131988,-40.512403781319875
206,193.40874094464021,12.591259055359785
249,197.95404977372073,51.045950226279274
79,190.90896048093697,-111.90896048093697
78,193.7490326051202,-115.74903260512019
115,202.68780059021654,-87.68780059021654
294,175.70271434151755,118.29728565848245
135,183.85519179591205,-48.85519179591205
87,181.69727422141463,-94.69727422141463
178,197.7590921887188,-19.759092188718796
177,199.04498020874652,-22.044980208746523
180,195.87629488055126,-15.876294880551256
177,205.26519770221387,-28.265197702213868
175,202.2345663792872,-27.2345663792872
237,207.99241557327915,29.007584426720854
179,194.82629996250023,-15.82629996250023
178,193.31849333915338,-15.318493339153378
178,193.7490326051202,-15.749032605120192
180,197.768138344369,-17.768138344368992
175,174.26675853152506,0.7332414684749438
206,204.98718615028693,1.0128138497130692
177,200.72260961476357,-23.72260961476357
267,198.4222621502748,68.5777378497252
176,188.47789622253785,-12.47789622253785
175,186.21380686222392,-11.213806862223919
234,176.1078096458705,57.8921903541295
175,196.17645645860046,-21.176456458600455
180,194.66952595846843,-14.669525958468427
175,180.68950325749867,-5.6895032574986715
157,199.5352506028055,-42.53525060280549
356,200.32979977201865,155.67020022798135
178,191.53418741412253,-13.534187414122528
178,194.67722333910052,-16.67722333910052
177,198.8984621851915,-21.898462185191505
293,181.53792694311127,111.46207305688873
208,191.4820188340615,16.517981165938494
329,199.41737398934916,129.58262601065084
201,187.473783996445,13.526216003554993
173,170.45004055669034,2.5499594433096604
264,208.00642390483102,55.993576095168976
175,194.44661500503454,-19.446615005034545
176,201.70717296184787,-25.707172961847874
50,205.26519770221387,-155.26519770221387
175,191.5158951621125,-16.515895162112514
115,185.10177620298217,-70.10177620298217
145,182.33738575725445,-37.33738575725445
264,193.56312117576846,70.43687882423154
20,192.0257364789454,-172.0257364789454
114,175.05250385126286,-61.052503851262856
177,198.52802580312465,-21.52802580312465
237,190.83430842681688,46.165691573183125
178,196.58508188025596,-18.585081880255956
177,176.8620581541498,0.1379418458502073
136,196.1852862493682,-60.185286249368204
177,191.12385427470133,-14.12385427470133
80,190.8885225287794,-110.88852252877939
180,193.7490326051202,-13.749032605120192
179,176.30724330104448,2.6927566989555203
179,204.42041620819032,-25.420416208190318
351,170.4747191209063,180.5252808790937
176,175.70271434151755,0.29728565848245125
267,198.29558029294435,68.70441970705565
279,195.87629488055126,83.12370511944874
90,199.35722332465576,-109.35722332465576
322,197.23954824289603,124.76045175710397
310,201.1784907280408,108.8215092719592
175,173.43044791843698,1.5695520815630175
149,184.32167827031677,-35.32167827031677
178,197.9017501594034,-19.901750159403406
235,190.80855905928,44.191440940720014
178,194.30781172117767,-16.30781172117767
181,201.1654759562502,-20.16547595625019
279,198.8984621851915,80.1015378148085
180,200.99257929868907,-20.992579298689066
187,182.0477907332838,4.95220926671621
179,191.29610740470977,-12.296107404709772
178,205.26519770221387,-27.265197702213868
173,136.89656923669122,36.10343076330878
103,150.4382649930576,-47.4382649930576
237,189.69142976845137,47.30857023154863
177,198.79543437446097,-21.795434374460967
178,181.38684738687442,-3.3868473868744218
208,194.67722333910052,13.322776660899478
18,194.08047137062093,-176.08047137062093
176,167.76251205015504,8.237487949844962
354,188.84247473398113,165.15752526601887
175,192.21089731631633,-17.210897316316334
106,185.25499550044987,-79.25499550044987
298,191.53418741412253,106.46581258587747
177,197.9483852685311,-20.948385268531098
19,180.93179976009648,-161.93179976009648
267,197.9017501594034,69.0982498405966
237,195.63467872297474,41.36532127702526
127,180.16170495356187,-53.161704953561866
178,197.95770134718146,-19.957701347181455
177,191.06916068456812,-14.069160684568118
354,202.09965054992725,151.90034945007275
176,181.8470921525531,-5.8470921525531026
180,193.7490326051202,-13.749032605120192
298,197.7590921887188,100.2409078112812
117,164.2789301779333,-47.27893017793329
236,183.13779946891486,52.862200531085136
209,182.47896980636264,26.52103019363736
181,198.7759906459004,-17.775990645900407
357,198.8984621851915,158.1015378148085
20,195.32965067931562,-175.32965067931562
209,197.7590921887188,11.240907811281204
86,196.00923617389492,-110.00923617389492
47,194.66952595846843,-147.66952595846843
128,180.68950325749867,-52.68950325749867
265,196.17645645860046,68.82354354139954
107,205.2467817402928,-98.24678174029279
178,199.65065663317947,-21.650656633179466
328,194.08047137062093,133.91952862937907
179,176.80640383348654,2.1935961665134585
179,198.52802580312465,-19.52802580312465
300,193.50570913570402,106.49429086429598
267,191.29610740470977,75.70389259529023
325,196.74662666645273,128.25337333354727
104,175.81429916078156,-71.81429916078156
267,191.58940770806862,75.41059229193138
49,191.72009884347426,-142.72009884347426
206,181.1667889486372,24.83321105136281
179,199.4170372150212,-20.417037215021196
78,198.45127285697552,-120.45127285697552
180,191.58940770806862,-11.58940770806862
136,180.23208269728235,-44.23208269728235
175,182.10977973869635,-7.109779738696346
178,198.79543437446097,-20.795434374460967
326,199.41737398934916,126.58262601065084
178,194.63252643438628,-16.63252643438628
267,187.94294874619595,79.05705125380405
179,200.99257929868907,-21.992579298689066
145,174.7234398732661,-29.723439873266102
175,176.1078096458705,-1.1078096458705033
114,183.65878722059477,-69.65878722059477
239,202.51564960092176,36.48435039907824
267,201.1784907280408,65.8215092719592
235,188.75485183029502,46.245148169704976
178,198.2653614276238,-20.265361427623787
173,170.36995063508672,2.630049364913276
178,193.97087779951738,-15.970877799517382
179,196.17645645860046,-17.176456458600455
131,144.41204283407762,-13.412042834077624
178,195.7681999448176,-17.76819994481761
203,120.13027374797302,82.86972625202698
179,195.63467872297474,-16.63467872297474
175,174.7009148693728,0.29908513062719067
323,170.36995063508672,152.63004936491328
107,195.63467872297474,-88.63467872297474
176,182.4143513653054,-6.414351365305407
208,198.52802580312465,9.471974196875351
178,193.0887114532512,-15.088711453251193
179,185.35523586849254,-6.355235868492542
236,198.2653614276238,37.73463857237621
27,181.44418964812002,-154.44418964812002
181,194.67722333910052,-13.677223339100522
180,193.50570913570402,-13.505709135704024
88,174.32649235196814,-86.32649235196814
353,176.32067392054535,176.67932607945465
239,194.66952595846843,44.33047404153157
220,193.0812139016877,26.918786098312296
178,193.97087779951738,-15.970877799517382
178,198.29558029294435,-20.29558029294435
177,180.88771645285658,-3.88771645285658
233,160.3669416544009,72.6330583455991
178,198.2653614276238,-20.265361427623787
234,175.36578041985726,58.63421958014274
50,201.1784907280408,-151.1784907280408
50,197.3176068226607,-147.3176068226607
178,197.3176068226607,-19.317606822660707
177,192.35410646947207,-15.354106469472072
178,200.15092600242698,-22.150926002426985
179,195.58228851546588,-16.582288515465876
178,195.58228851546588,-17.582288515465876
296,191.72009884347426,104.27990115652574
328,198.4222621502748,129.5777378497252
292,163.39900430740246,128.60099569259754
176,199.74435678901568,-23.744356789015683
267,179.2656605200307,87.7343394799693
279,197.91044348921713,81.08955651078287
178,192.0257364789454,-14.02573647894539
145,179.47457433770896,-34.47457433770896
157,200.99257929868907,-43.992579298689066
17,174.26675853152506,-157.26675853152506
19,197.51289935383824,-178.51289935383824
135,175.81429916078156,-40.81429916078156
144,170.20585082679773,-26.20585082679773
177,185.3622632681294,-8.362263268129396
136,215.33170055488102,-79.33170055488102
237,190.90896048093697,46.09103951906303
295,191.29610740470977,103.70389259529023
298,204.28096733473393,93.71903266526607
206,181.77892243917523,24.221077560824767
176,178.08363410989347,-2.0836341098934668
294,207.79889851748797,86.20110148251203
279,194.85543738782016,84.14456261217984
298,193.7490326051202,104.25096739487981
178,197.95404977372073,-19.954049773720726
177,196.1698436837495,-19.16984368374949
209,193.56312117576846,15.436878824231542
236,186.44613692916812,49.55386307083188
178,195.63467872297474,-17.63467872297474
177,200.08854772784127,-23.088547727841274
302,222.29665161208987,79.70334838791013
178,200.32979977201865,-22.329799772018646
177,182.0477907332838,-5.04779073328379
176,183.53657186721122,-7.536571867211222
176,181.77892243917523,-5.778922439175233
176,188.54645267628345,-12.546452676283451
118,190.90896048093697,-72.90896048093697
179,193.56312117576846,-14.563121175768458
300,193.56312117576846,106.43687882423154
359,198.45127285697552,160.54872714302448
175,189.1695603954339,-14.169560395433905
178,187.34233011881966,-9.34233011881966
204,188.75485183029502,15.245148169704976
264,179.6896954225749,84.31030457742509
173,187.473783996445,-14.473783996445007
180,198.4222621502748,-18.422262150274804
50,183.40825042516917,-133.40825042516917
56,175.56690573300205,-119.56690573300205
159,193.0887114532512,-34.08871145325119
178,200.99257929868907,-22.992579298689066
356,187.94294874619595,168.05705125380405
181,194.40422252526048,-13.40422252526048
267,202.63451499756482,64.36548500243518
262,184.096187291976,77.90381270802399
179,179.47457433770896,-0.4745743377089582
177,191.29610740470977,-14.296107404709772
177,200.7313256542366,-23.7313256542366
179,208.25766499416702,-29.257664994167015
47,179.07187164062594,-132.07187164062594
177,198.4222621502748,-21.422262150274804
145,164.2586987210488,-19.258698721048802
47,181.22686737540988,-134.22686737540988
178,199.41737398934916,-21.41737398934916
265,175.56690573300205,89.43309426699795
262,164.96125303327423,97.03874696672577
356,196.17645645860046,159.82354354139954
178,191.53418741412253,-13.534187414122528
18,158.76223014249123,-140.76223014249123
177,186.44613692916812,-9.44613692916812
120,197.95404977372073,-77.95404977372073
179,193.7490326051202,-14.749032605120192
145,186.21380686222392,-41.21380686222392
150,197.3176068226607,-47.31760682266071
179,187.42244834623295,-8.422448346232954
267,204.42041620819032,62.57958379180968
206,187.0384376656687,18.96156233433129
175,183.73293528213546,-8.732935282135458
177,189.75626406072638,-12.75626406072638
179,190.83430842681688,-11.834308426816875
179,194.30781172117767,-15.307811721177671
206,181.22686737540988,24.77313262459012
232,161.85341600482602,70.14658399517398
179,200.7313256542366,-21.7313256542366
237,173.29171219372552,63.708287806274484
298,198.71393723247638,99.28606276752362
356,179.12366868628732,176.87633131371268
236,181.95408338898434,54.045916611015656
180,198.45127285697552,-18.45127285697552
177,198.79543437446097,-21.795434374460967
179,198.4222621502748,-19.422262150274804
121,195.63467872297474,-74.63467872297474
51,197.7590921887188,-146.7590921887188
298,211.07589687700343,86.92410312299657
356,184.27134824178512,171.72865175821488
177,184.00278163713102,-7.002781637131022
180,194.08047137062093,-14.080471370620927
341,194.66952595846843,146.33047404153157
206,176.29372107522224,29.706278924777763
147,202.51564960092176,-55.51564960092176
19,188.75485183029502,-169.75485183029502
178,187.46405131111507,-9.464051311115071
324,198.29558029294435,125.70441970705565
332,169.31464484047908,162.68535515952092
356,188.75485183029502,167.24514816970498
178,205.9140025736339,-27.914002573633894
86,172.77932230570198,-86.77932230570198
17,199.61221621085645,-182.61221621085645
293,174.26675853152506,118.73324146847494
178,194.66952595846843,-16.669525958468427
356,198.45127285697552,157.54872714302448
248,194.30781172117767,53.69218827882233
121,193.0812139016877,-72.0812139016877
179,193.97087779951738,-14.970877799517382
175,189.95131772652658,-14.951317726526582
177,182.47896980636264,-5.478969806362642
176,186.9837105665308,-10.983710566530789
282,193.7490326051202,88.25096739487981
58,174.7009148693728,-116.70091486937281
234,176.11887078739062,57.88112921260938
179,200.99257929868907,-21.992579298689066
262,182.47896980636264,79.52103019363736
269,196.14373578429277,72.85626421570723
297,178.49952799990942,118.50047200009058
267,191.12385427470133,75.87614572529867
178,200.15092600242698,-22.150926002426985
356,197.95404977372073,158.04595022627927
90,200.08854772784127,-110.08854772784127
106,191.25507211391985,-85.25507211391985
188,184.096187291976,3.9038127080239917
178,194.41219552185478,-16.412195521854784
356,186.44613692916812,169.55386307083188
326,195.58228851546588,130.41771148453412
248,176.11887078739062,71.88112921260938
178,202.09965054992725,-24.099650549927247
178,200.32979977201865,-22.329799772018646
237,185.10861007734866,51.89138992265134
263,176.0002105901333,86.99978940986671
177,193.56312117576846,-16.563121175768458
326,191.29610740470977,134.70389259529023
177,195.63467872297474,-18.63467872297474
248,195.32965067931562,52.67034932068438
298,197.95404977372073,100.04595022627927
235,169.4606622924846,65.53933770751539
298,192.0257364789454,105.97426352105461
180,192.0257364789454,-12.02573647894539
145,170.8976654612106,-25.897665461210607
176,183.96677661517606,-7.966776615176059
103,171.15710266124455,-68.15710266124455
175,175.70271434151755,-0.7027143415175487
259,165.70753750088286,93.29246249911714
106,202.51564960092176,-96.51564960092176
181,193.56312117576846,-12.563121175768458
145,188.75485183029502,-43.754851830295024
178,199.61221621085645,-21.612216210856445
206,174.26675853152506,31.733241468474944
298,181.95408338898434,116.04591661101566
187,197.9483852685311,-10.948385268531098
18,198.52802580312465,-180.52802580312465
262,181.58292537283148,80.41707462716852
131,184.1870371251861,-53.187037125186094
205,179.07187164062594,25.928128359374057
180,192.46505407550652,-12.465054075506515
174,177.5401014708967,-3.540101470896701
181,195.32965067931562,-14.32965067931562
178,200.99257929868907,-22.992579298689066
207,182.48493207376427,24.51506792623573
363,181.64951176237528,181.35048823762472
177,193.56312117576846,-16.563121175768458
340,197.54815351308972,142.45184648691028
178,193.0887114532512,-15.088711453251193
57,177.97439957656738,-120.97439957656738
237,201.83698617442639,35.163013825573614
19,184.27134824178512,-165.27134824178512
293,176.29372107522224,116.70627892477776
117,196.6290345223741,-79.6290345223741
237,182.32345828739372,54.67654171260628
269,201.1784907280408,67.8215092719592
181,197.95770134718146,-16.957701347181455
178,207.99241557327915,-29.992415573279146
178,196.3623678879522,-18.36236788795219
176,204.11638144290933,-28.11638144290933
177,198.52802580312465,-21.52802580312465
103,171.93628223165496,-68.93628223165496
322,169.96485533073377,152.03514466926623
267,191.72009884347426,75.27990115652574
149,184.32167827031677,-35.32167827031677
239,199.19412626158731,39.805873738412686
269,194.67722333910052,74.32277666089948
248,191.72009884347426,56.27990115652574
178,209.6757537398013,-31.67575373980131
177,183.40825042516917,-6.408250425169172
178,197.3176068226607,-19.317606822660707
75,202.68780059021654,-127.68780059021654
279,197.9483852685311,81.0516147314689
145,174.51240378131988,-29.512403781319875
177,184.12887207636734,-7.128872076367344
298,180.93179976009648,117.06820023990352
178,200.99257929868907,-22.992579298689066
179,197.9483852685311,-18.948385268531098
239,194.08047137062093,44.91952862937907
279,205.52786207771473,73.47213792228527
264,184.00278163713102,79.99721836286898
47,191.58940770806862,-144.58940770806862
362,180.86876306272896,181.13123693727104
178,182.83032100744492,-4.8303210074449225
178,198.7759906459004,-20.775990645900407
267,195.63467872297474,71.36532127702526
177,191.58940770806862,-14.58940770806862
13,187.473783996445,-174.473783996445
17,170.01421691685331,-153.01421691685331
237,183.73293528213546,53.26706471786454
19,199.4170372150212,-180.4170372150212
218,205.26519770221387,12.734802297786132
181,185.77509181925777,-4.775091819257767
179,200.32979977201865,-21.329799772018646
291,162.6087123941471,128.3912876058529
236,194.67722333910052,41.32277666089948
178,191.72009884347426,-13.720098843474261
176,189.1695603954339,-13.169560395433905
176,200.91232042764366,-24.912320427643664
78,197.900167806301,-119.900167806301
179,183.13779946891486,-4.137799468914864
178,195.58228851546588,-17.582288515465876
147,191.0948719102887,-44.0948719102887
145,182.4143513653054,-37.41435136530541
205,178.08130977159686,26.918690228403136
77,175.551691849209,-98.55169184920899
175,175.56690573300205,-0.566905733002045
176,190.8885225287794,-14.88852252877939
49,207.79889851748797,-158.79889851748797
19,198.06662790828,-179.06662790828
147,191.5158951621125,-44.515895162112514
180,195.87629488055126,-15.876294880551256
267,202.63451499756482,64.36548500243518
177,186.61082449252865,-9.61082449252865
147,175.81429916078156,-28.81429916078156
206,184.096187291976,21.90381270802399
179,200.99257929868907,-21.992579298689066
361,187.473783996445,173.526216003555
300,197.7590921887188,102.2409078112812
177,197.9483852685311,-20.948385268531098
49,197.768138344369,-148.768138344369
355,183.7041122396752,171.2958877603248
180,200.08854772784127,-20.088547727841274
179,186.9837105665308,-7.983710566530789
206,197.3176068226607,8.682393177339293
17,185.92437420080185,-168.92437420080185
300,196.14373578429277,103.85626421570723
294,182.48493207376427,111.51506792623573
177,197.95404977372073,-20.954049773720726
18,199.30764458424738,-181.30764458424738
179,191.57794784023952,-12.577947840239517
177,193.56312117576846,-16.563121175768458
179,197.2318683191329,-18.2318683191329
79,197.95404977372073,-118.95404977372073
178,193.7490326051202,-15.749032605120192
279,197.1354774720179,81.8645225279821
328,193.6825847879921,134.3174152120079
78,195.20697541152362,-117.20697541152362
180,197.68753253578325,-17.687532535783248
18,193.0887114532512,-175.0887114532512
267,191.72009884347426,75.27990115652574
218,181.5493145644976,36.45068543550241
181,192.0257364789454,-11.02573647894539
176,181.8470921525531,-5.8470921525531026
206,197.95770134718146,8.042298652818545
177,198.4222621502748,-21.422262150274804
178,200.72260961476357,-22.72260961476357
180,191.58940770806862,-11.58940770806862
296,179.12366868628732,116.87633131371268
177,191.63059821820534,-14.630598218205336
206,191.5158951621125,14.484104837887486
178,187.79433558072964,-9.794335580729637
178,194.22628409250305,-16.22628409250305
20,199.4170372150212,-179.4170372150212
179,191.0948719102887,-12.094871910288703
118,184.32167827031677,-66.32167827031677
49,181.77892243917523,-132.77892243917523
16,170.45004055669034,-154.45004055669034
59,185.92437420080185,-126.92437420080185
177,194.66952595846843,-17.669525958468427
354,175.81429916078156,178.18570083921844
178,195.20697541152362,-17.206975411523615
48,201.1654759562502,-153.1654759562502
326,200.7313256542366,125.2686743457634
177,196.3623678879522,-19.36236788795219
147,191.09773401785984,-44.097734017859835
360,205.52786207771473,154.47213792228527
206,205.26519770221387,0.7348022977861319
352,191.0948719102887,160.9051280897113
356,182.8533923237673,173.1466076762327
207,195.7681999448176,11.23180005518239
177,184.00278163713102,-7.002781637131022
239,177.6003722542454,61.3996277457546
181,195.4094801164737,-14.409480116473702
79,193.7490326051202,-114.74903260512019
177,193.7490326051202,-16.749032605120192
179,182.85619536140382,-3.8561953614038202
159,208.25766499416702,-49.257664994167015
239,188.70543079861793,50.294569201382075
178,194.66952595846843,-16.669525958468427
175,179.25764727289885,-4.257647272898851
48,184.260287100265,-136.260287100265
119,191.53418741412253,-72.53418741412253
179,194.67722333910052,-15.677223339100522
46,180.4957491102598,-134.4957491102598
298,180.88771645285658,117.11228354714342
17,188.256906828399,-171.256906828399
326,200.56295745035854,125.43704254964146
103,167.6363577092733,-64.63635770927331
178,198.71393723247638,-20.713937232476383
208,197.68753253578325,10.312467464216752
298,188.09553030676165,109.90446969323835
175,205.6757610680889,-30.67576106808889
18,172.24609717000314,-154.24609717000314
237,194.30781172117767,42.69218827882233
178,176.2590155842197,1.7409844157803036
237,196.3623678879522,40.63763211204781
128,175.9437098375815,-47.94370983758151
138,195.20697541152362,-57.206975411523615
175,205.6757610680889,-30.67576106808889
180,195.20697541152362,-15.206975411523615
180,193.50570913570402,-13.505709135704024
179,191.4820188340615,-12.482018834061506
209,187.94294874619595,21.057051253804048
178,195.63467872297474,-17.63467872297474
179,204.28096733473393,-25.28096733473393
133,191.92130471881714,-58.92130471881714
77,173.61635934778872,-96.61635934778872
293,182.32297938687404,110.67702061312596
178,197.95404977372073,-19.954049773720726
159,170.97119123189282,-11.971191231892817
294,193.40874094464021,100.59125905535979
180,201.3638801301404,-21.363880130140387
175,176.30478221674235,-1.3047822167423533
22,199.4170372150212,-177.4170372150212
329,197.1354774720179,131.8645225279821
107,191.63059821820534,-84.63059821820534
179,194.63252643438628,-15.632526434386278
178,191.63059821820534,-13.630598218205336
128,179.07173584354712,-51.07173584354712
175,174.32649235196814,0.6735076480318583
179,197.95404977372073,-18.954049773720726
178,197.9017501594034,-19.901750159403406
18,184.27134824178512,-166.27134824178512
20,204.98718615028693,-184.98718615028693
46,179.07779319224198,-133.07779319224198
354,183.40825042516917,170.59174957483083
178,185.80066717995507,-7.80066717995507
298,200.99257929868907,97.00742070131093
176,186.44613692916812,-10.44613692916812
331,194.67722333910052,136.32277666089948
263,176.12962126693324,86.87037873306676
77,174.7009148693728,-97.70091486937281
265,187.22421329794162,77.77578670205838
236,181.8470921525531,54.1529078474469
322,172.77932230570198,149.22067769429802
280,193.8945599412692,86.1054400587308
178,189.75626406072638,-11.75626406072638
232,183.65878722059477,48.341212779405225
218,183.40825042516917,34.59174957483083
267,199.46456556370237,67.53543443629763
341,194.08047137062093,146.91952862937907
159,193.0887114532512,-34.08871145325119
179,197.668155499297,-18.668155499297
298,198.52802580312465,99.47197419687535
176,175.88862577086928,0.1113742291307176
116,179.07779319224198,-63.077793192241984
181,197.91044348921713,-16.91044348921713
207,193.0812139016877,13.918786098312296
357,200.32979977201865,156.67020022798135
188,176.00961435284395,11.990385647156046
178,198.71393723247638,-20.713937232476383
188,212.81022632502192,-24.810226325021915
177,179.12366868628732,-2.123668686287317
159,201.70717296184787,-42.707172961847874
300,192.65238268237442,107.34761731762558
126,173.82527316546697,-47.82527316546697
295,182.32297938687404,112.67702061312596
180,197.68753253578325,-17.687532535783248
328,191.72009884347426,136.27990115652574
179,194.66952595846843,-15.669525958468427
359,191.0948719102887,167.9051280897113
176,184.12887207636734,-8.128872076367344
174,176.32067392054535,-2.320673920545346
178,197.9483852685311,-19.948385268531098
87,163.54322461172475,-76.54322461172475
181,205.2467817402928,-24.24678174029279
180,201.1784907280408,-21.1784907280408
177,193.56312117576846,-16.563121175768458
178,207.51469097622862,-29.51469097622862
180,196.1852862493682,-16.185286249368204
355,196.14373578429277,158.85626421570723
176,182.47896980636264,-6.478969806362642
178,191.19725349246224,-13.197253492462238
178,195.7681999448176,-17.76819994481761
206,184.00278163713102,21.997218362868978
178,198.8984621851915,-20.898462185191505
178,191.53418741412253,-13.534187414122528
178,193.31849333915338,-15.318493339153378
329,200.32979977201865,128.67020022798135
238,209.0501020397166,28.94989796028341
177,197.900167806301,-20.900167806301
178,198.2653614276238,-20.265361427623787
267,201.1784907280408,65.8215092719592
176,170.97119123189282,5.028808768107183
300,197.768138344369,102.23186165563101
178,200.56295745035854,-22.56295745035854
76,183.7041122396752,-107.7041122396752
328,195.58228851546588,132.41771148453412
73,182.42352934266628,-109.42352934266628
265,185.9688444641938,79.03115553580619
220,198.79543437446097,21.204565625539033
129,176.12962126693324,-47.12962126693324
359,198.79543437446097,160.20456562553903
177,178.08363410989347,-1.0836341098934668
267,191.5158951621125,75.48410483788749
180,195.87629488055126,-15.876294880551256
359,201.83698617442639,157.16301382557361
176,172.77932230570198,3.2206776942980184
218,207.79889851748797,10.20110148251203
176,181.95408338898434,-5.954083388984344
280,195.58228851546588,84.41771148453412
179,181.64951176237528,-2.6495117623752833
180,201.83698617442639,-21.836986174426386
179,195.7681999448176,-16.76819994481761
329,197.91044348921713,131.08955651078287
180,198.71393723247638,-18.713937232476383
177,197.60447865064558,-20.604478650645575
108,193.56312117576846,-85.56312117576846
178,211.07589687700343,-33.07589687700343
49,182.41923598591956,-133.41923598591956
177,198.45127285697552,-21.45127285697552
176,187.11863554050703,-11.118635540507029
180,193.7490326051202,-13.749032605120192
237,198.29558029294435,38.70441970705565
19,198.29558029294435,-179.29558029294435
180,210.0390194586377,-30.03901945863771
86,168.3302745353038,-82.3302745353038
181,191.25507211391985,-10.255072113919852
297,187.42244834623295,109.57755165376705
118,177.48849829667287,-59.48849829667287
298,195.32965067931562,102.67034932068438
18,197.668155499297,-179.668155499297
179,198.29558029294435,-19.29558029294435
267,194.67722333910052,72.32277666089948
179,198.4222621502748,-19.422262150274804
181,195.58228851546588,-14.582288515465876
149,200.56295745035854,-51.56295745035854
176,173.82527316546697,2.1747268345330326
179,215.72424094046988,-36.72424094046988
178,198.71393723247638,-20.713937232476383
206,197.9483852685311,8.051614731468902
177,175.73754621463243,1.262453785367569
267,201.1784907280408,65.8215092719592
173,154.48911153648282,18.510888463517176
353,178.47957090412535,174.52042909587465
176,181.94302224746423,-5.943022247464228
173,118.2521301980826,54.7478698019174
178,193.0812139016877,-15.081213901687704
178,181.94302224746423,-3.943022247464228
86,170.7111397983424,-84.7111397983424
176,182.15935847910472,-6.159358479104725
177,204.42041620819032,-27.420416208190318
324,186.9837105665308,137.0162894334692
360,197.9483852685311,162.0516147314689
206,197.900167806301,8.099832193699001
178,191.5158951621125,-13.515895162112514
292,170.20585082679773,121.79414917320227
176,183.7041122396752,-7.704112239675197
177,174.26675853152506,2.7332414684749438
296,193.7490326051202,102.25096739487981
270,194.85543738782016,75.14456261217984
157,172.24609717000314,-15.24609717000314
296,200.99257929868907,95.00742070131093
147,193.50570913570402,-46.50570913570402
324,190.50381230326983,133.49618769673017
178,193.6825847879921,-15.682584787992113
279,199.4170372150212,79.5829627849788
267,194.67722333910052,72.32277666089948
178,181.2891783228396,-3.2891783228396037
178,195.63467872297474,-17.63467872297474
180,193.0812139016877,-13.081213901687704
237,202.2345663792872,34.7654336207128
180,204.98718615028693,-24.98718615028693
21,193.50570913570402,-172.50570913570402
179,198.45127285697552,-19.45127285697552
178,198.8984621851915,-20.898462185191505
236,204.98718615028693,31.01281384971307
177,200.15092600242698,-23.150926002426985
328,197.7590921887188,130.2409078112812
47,184.98412435110154,-137.98412435110154
145,187.0675325899504,-42.06753258995039
77,190.3149779868929,-113.3149779868929
176,186.63894312311754,-10.638943123117542
177,187.34318442167887,-10.34318442167887
292,185.8166280042416,106.18337199575839
266,179.92851310814987,86.07148689185013
177,198.29558029294435,-21.29558029294435
177,182.71185792802098,-5.711857928020976
174,193.3751521696908,-19.375152169690807
175,181.69727422141463,-6.697274221414631
177,211.07589687700343,-34.07589687700343
179,200.08854772784127,-21.088547727841274
295,197.91044348921713,97.08955651078287
176,181.38684738687442,-5.386847386874422
178,191.72009884347426,-13.720098843474261
126,183.40825042516917,-57.40825042516917
179,194.77452920603457,-15.774529206034572
50,197.9017501594034,-147.9017501594034
136,199.4170372150212,-63.417037215021196
190,195.20697541152362,-5.206975411523615
177,191.53418741412253,-14.534187414122528
176,197.23954824289603,-21.239548242896035
267,193.50570913570402,73.49429086429598
208,197.3176068226607,10.682393177339293
340,200.32979977201865,139.67020022798135
145,176.12962126693324,-31.129621266933242
178,195.7681999448176,-17.76819994481761
105,185.1693244391408,-80.16932443914081
179,200.08854772784127,-21.088547727841274
56,176.11887078739062,-120.11887078739062
178,194.51279217735956,-16.512792177359557
176,203.90957027158333,-27.909570271583334
108,201.1784907280408,-93.1784907280408
148,180.86876306272896,-32.86876306272896
264,176.30478221674235,87.69521778325765
179,197.9017501594034,-18.901750159403406
179,195.7681999448176,-16.76819994481761
326,181.20099302145098,144.79900697854902
180,187.46405131111507,-7.464051311115071
352,182.54934755008313,169.45065244991687
179,194.66952595846843,-15.669525958468427
13,164.2586987210488,-151.2586987210488
177,198.71393723247638,-21.713937232476383
237,191.72009884347426,45.27990115652574
179,196.3623678879522,-17.36236788795219
175,175.9437098375815,-0.9437098375815083
17,183.13779946891486,-166.13779946891486
88,183.40825042516917,-95.40825042516917
175,200.59484936297136,-25.59484936297136
325,200.44177980635214,124.55822019364786
295,170.01421691685331,124.98578308314669
175,171.15710266124455,3.8428973387554493
206,175.551691849209,30.448308150791007
269,193.97087779951738,75.02912220048262
118,205.26519770221387,-87.26519770221387
179,193.56312117576846,-14.563121175768458
180,198.79543437446097,-18.795434374460967
127,176.29372107522224,-49.29372107522224
298,191.72009884347426,106.27990115652574
359,197.95404977372073,161.04595022627927
177,198.45127285697552,-21.45127285697552
178,195.7681999448176,-17.76819994481761
180,199.41737398934916,-19.41737398934916
264,176.12962126693324,87.87037873306676
218,198.45127285697552,19.54872714302448
